season,week,away,home,E,spread,theta,qb_adj,away_qb,home_qb,E_full,epa_adj
2026,1,NE,SEA,0.6397454688682467,3.0,"k=20,H=50,rho=0.5,qb_scale=600,qb_alpha=0.02",-30.365713525342304,Drake Maye,Sam Darnold,,
2026,1,SF,LA,0.5502507322583821,3.5,"k=20,H=50,rho=0.5,qb_scale=600,qb_alpha=0.02",-13.231850555302954,Brock Purdy,Matthew Stafford,,
2026,1,CHI,CAR,0.4079827297630364,-3.0,"k=20,H=50,rho=0.5,qb_scale=600,qb_alpha=0.02",-43.71709323336499,Caleb Williams,Bryce Young,,
2026,1,TB,CIN,0.5929819193814039,3.5,"k=20,H=50,rho=0.5,qb_scale=600,qb_alpha=0.02",15.952241567316255,Baker Mayfield,Joe Burrow,,
2026,1,NO,DET,0.7649388191642944,7.0,"k=20,H=50,rho=0.5,qb_scale=600,qb_alpha=0.02",84.30262450669002,Tyler Shough,Jared Goff,,
2026,1,BUF,HOU,0.371389238464877,-1.5,"k=20,H=50,rho=0.5,qb_scale=600,qb_alpha=0.02",-129.7705990596666,Josh Allen,C.J. Stroud,,
2026,1,BAL,IND,0.3268917876834015,-3.5,"k=20,H=50,rho=0.5,qb_scale=600,qb_alpha=0.02",-113.53043033106223,Lamar Jackson,Daniel Jones,,
2026,1,CLE,JAX,0.750528042559622,8.5,"k=20,H=50,rho=0.5,qb_scale=600,qb_alpha=0.02",2.268818011518234,Deshaun Watson,Trevor Lawrence,,
2026,1,ATL,PIT,0.5989568011774986,3.5,"k=20,H=50,rho=0.5,qb_scale=600,qb_alpha=0.02",6.6111528233183865,Tua Tagovailoa,Aaron Rodgers,,
2026,1,NYJ,TEN,0.5786579422519602,1.5,"k=20,H=50,rho=0.5,qb_scale=600,qb_alpha=0.02",-11.914190148248892,Geno Smith,Cam Ward,,
2026,1,ARI,LAC,0.7563837070449124,9.5,"k=20,H=50,rho=0.5,qb_scale=600,qb_alpha=0.02",49.78092258636972,Jacoby Brissett,Justin Herbert,,
2026,1,MIA,LV,0.4787540033096841,3.5,"k=20,H=50,rho=0.5,qb_scale=600,qb_alpha=0.02",31.50814124176736,Malik Willis,Kirk Cousins,,
2026,1,GB,MIN,0.5119769154062802,1.5,"k=20,H=50,rho=0.5,qb_scale=600,qb_alpha=0.02",-39.85605491403546,Jordan Love,Kyler Murray,,
2026,1,WAS,PHI,0.7377185841259518,5.5,"k=20,H=50,rho=0.5,qb_scale=600,qb_alpha=0.02",52.126414972214135,Jayden Daniels,Jalen Hurts,,
2026,1,DAL,NYG,0.4073778660802862,-3.0,"k=20,H=50,rho=0.5,qb_scale=600,qb_alpha=0.02",-81.62866149640521,Dak Prescott,Jaxson Dart,,
2026,1,DEN,KC,0.5720247073177985,3.0,"k=20,H=50,rho=0.5,qb_scale=600,qb_alpha=0.02",81.56725570867653,Bo Nix,Patrick Mahomes,,
2026,2,DET,BUF,0.7086704307970221,3.0,"k=20,H=50,rho=0.5,qb_scale=600,qb_alpha=0.02,epa_scale=200,epa_alpha=0.15",60.93735074669948,Jared Goff,Josh Allen,0.7397123465116054,28.696661463358776
2026,2,CAR,ATL,0.7080130740921964,1.5,"k=20,H=50,rho=0.5,qb_scale=600,qb_alpha=0.02,epa_scale=200,epa_alpha=0.15",72.43575192980362,Bryce Young,Tua Tagovailoa,0.722241772650111,21.70795454492033
2026,2,NO,BAL,0.8128988127531974,7.5,"k=20,H=50,rho=0.5,qb_scale=600,qb_alpha=0.02,epa_scale=200,epa_alpha=0.15",130.56201667634855,Tyler Shough,Lamar Jackson,0.7980854369371491,-1.3563064474392816
2026,2,MIN,CHI,0.4956443687762747,3.0,"k=20,H=50,rho=0.5,qb_scale=600,qb_alpha=0.02,epa_scale=200,epa_alpha=0.15",-34.054948910711865,Kyler Murray,Caleb Williams,0.4850833476112903,-3.998621740731059
2026,2,CIN,HOU,0.6152773549395577,2.5,"k=20,H=50,rho=0.5,qb_scale=600,qb_alpha=0.02,epa_scale=200,epa_alpha=0.15",-48.96677833995969,Joe Burrow,C.J. Stroud,0.6179311395333854,10.97165704586235
2026,2,PIT,NE,0.6705755486607934,4.5,"k=20,H=50,rho=0.5,qb_scale=600,qb_alpha=0.02,epa_scale=200,epa_alpha=0.15",6.043837645755596,Aaron Rodgers,Drake Maye,0.69972217748692,35.54832935449234
2026,2,GB,NYJ,0.2226455525655432,-5.5,"k=20,H=50,rho=0.5,qb_scale=600,qb_alpha=0.02,epa_scale=200,epa_alpha=0.15",-104.3362825193436,Jordan Love,Geno Smith,0.17560771258848,-73.6762550078345
2026,2,CLE,TB,0.6914830684825705,6.5,"k=20,H=50,rho=0.5,qb_scale=600,qb_alpha=0.02,epa_scale=200,epa_alpha=0.15",18.010168204743323,Deshaun Watson,Baker Mayfield,0.6902629841661092,12.37129102215232
2026,2,PHI,TEN,0.2110108394847004,-5.5,"k=20,H=50,rho=0.5,qb_scale=600,qb_alpha=0.02,epa_scale=200,epa_alpha=0.15",-122.64008404423488,Jalen Hurts,Cam Ward,0.1692910011030987,-76.69253592545941
2026,2,JAX,DEN,0.5853338000610673,3.0,"k=20,H=50,rho=0.5,qb_scale=600,qb_alpha=0.02,epa_scale=200,epa_alpha=0.15",-5.8917062101491,Trevor Lawrence,Bo Nix,0.5548271463400577,-15.744222076087077
2026,2,LV,LAC,0.763390947724769,9.5,"k=20,H=50,rho=0.5,qb_scale=600,qb_alpha=0.02,epa_scale=200,epa_alpha=0.15",11.262016237949474,Kirk Cousins,Justin Herbert,0.7988616166586119,53.1593392634981
2026,2,SEA,ARI,0.2227027246226191,,"k=20,H=50,rho=0.5,qb_scale=600,qb_alpha=0.02,epa_scale=200,epa_alpha=0.15",-30.730053543530776,Sam Darnold,Jacoby Brissett,0.1676098536799129,-72.89954015141566
2026,2,WAS,DAL,0.6324317318648576,4.5,"k=20,H=50,rho=0.5,qb_scale=600,qb_alpha=0.02,epa_scale=200,epa_alpha=0.15",48.88927225030002,Jayden Daniels,Dak Prescott,0.6331979019320988,2.358140289611016
2026,2,MIA,SF,0.8302265828017447,11.5,"k=20,H=50,rho=0.5,qb_scale=600,qb_alpha=0.02,epa_scale=200,epa_alpha=0.15",91.7046403006035,Malik Willis,Brock Purdy,0.8565556492782032,29.498918980026247
2026,2,IND,KC,0.705187482607312,6.5,"k=20,H=50,rho=0.5,qb_scale=600,qb_alpha=0.02,epa_scale=200,epa_alpha=0.15",87.16153475522164,Daniel Jones,Patrick Mahomes,0.70529428338037,2.4198204350249872
2026,2,NYG,LA,0.7756639216972453,,"k=20,H=50,rho=0.5,qb_scale=600,qb_alpha=0.02,epa_scale=200,epa_alpha=0.15",63.43590057914932,Jaxson Dart,Matthew Stafford,0.767535729099092,8.78203743796104
2026,3,ATL,GB,0.7287833688265674,5.5,"k=20,H=50,rho=0.5,qb=raw,qb_scale=600,qb_alpha=0.02,epa_scale=50,epa_alpha=0.25",68.90751969456007,Michael Penix Jr.,Jordan Love,0.7320841773908827,3.2184543809240886
2026,3,LAC,BUF,0.8416625825356847,7.0,"k=20,H=50,rho=0.5,qb=raw,qb_scale=600,qb_alpha=0.02,epa_scale=50,epa_alpha=0.25",119.47401914218496,Justin Herbert,Josh Allen,0.8512655192851034,13.53835271442739
2026,3,CAR,CLE,0.6111698928433791,-2.5,"k=20,H=50,rho=0.5,qb=raw,qb_scale=600,qb_alpha=0.02,epa_scale=50,epa_alpha=0.25",58.46430432479768,Bryce Young,Deshaun Watson,0.6027774829135372,-7.021327915980584
2026,3,NYJ,DET,0.7895663678780717,6.5,"k=20,H=50,rho=0.5,qb=raw,qb_scale=600,qb_alpha=0.02,epa_scale=50,epa_alpha=0.25",105.9795673814622,Geno Smith,Jared Goff,0.792337142641072,8.50083802857206
2026,3,HOU,IND,0.4607579739610998,-3.0,"k=20,H=50,rho=0.5,qb=raw,qb_scale=600,qb_alpha=0.02,epa_scale=50,epa_alpha=0.25",4.5081828233193315,C.J. Stroud,Daniel Jones,0.4543035661502519,-5.094281675072508
2026,3,NE,JAX,0.5257716806084716,3.0,"k=20,H=50,rho=0.5,qb=raw,qb_scale=600,qb_alpha=0.02,epa_scale=50,epa_alpha=0.25",-9.54817093134244,Drake Maye,Trevor Lawrence,0.5233866936149608,-1.4571565726899272
2026,3,KC,MIA,0.32974979470784194,-11.5,"k=20,H=50,rho=0.5,qb=raw,qb_scale=600,qb_alpha=0.02,epa_scale=50,epa_alpha=0.25",-109.38328647140364,Patrick Mahomes,Malik Willis,0.31290551684205387,-13.558376182147915
2026,3,TEN,NYG,0.7514879101173434,2.5,"k=20,H=50,rho=0.5,qb=raw,qb_scale=600,qb_alpha=0.02,epa_scale=50,epa_alpha=0.25",61.15753999618226,Cam Ward,Jameis Winston,0.7523612098322673,4.862814459195973
2026,3,CIN,PIT,0.4790671990102859,-3.5,"k=20,H=50,rho=0.5,qb=raw,qb_scale=600,qb_alpha=0.02,epa_scale=50,epa_alpha=0.25",-27.96485440485571,Joe Burrow,Aaron Rodgers,0.46788266101915144,-7.863055334035549
2026,3,SEA,WAS,0.2734825348898537,-7.0,"k=20,H=50,rho=0.5,qb=raw,qb_scale=600,qb_alpha=0.02,epa_scale=50,epa_alpha=0.25",19.28670835812457,Sam Darnold,Jayden Daniels,0.25755812504877856,-19.80605453314578
2026,3,ARI,SF,0.8380428924683883,8.5,"k=20,H=50,rho=0.5,qb=raw,qb_scale=600,qb_alpha=0.02,epa_scale=50,epa_alpha=0.25",111.16789534846495,Jacoby Brissett,Brock Purdy,0.8482356419042094,15.428407211729562
2026,3,MIN,TB,0.3357201434845765,-1.5,"k=20,H=50,rho=0.5,qb=raw,qb_scale=600,qb_alpha=0.02,epa_scale=50,epa_alpha=0.25",-1.4910549479644124,Kyler Murray,Baker Mayfield,0.32378754575712054,-10.49230526926244
2026,3,BAL,DAL,0.4586164325551163,-3.5,"k=20,H=50,rho=0.5,qb=raw,qb_scale=600,qb_alpha=0.02,epa_scale=50,epa_alpha=0.25",-44.497856407779615,Lamar Jackson,Dak Prescott,0.44991466603364244,-10.945950918043593
2026,3,LV,NO,0.5966655669887699,3.0,"k=20,H=50,rho=0.5,qb=raw,qb_scale=600,qb_alpha=0.02,epa_scale=50,epa_alpha=0.25",-22.39587488486097,Kirk Cousins,Tyler Shough,0.6062352814080737,8.706686169557495
2026,3,LA,DEN,0.538833568683845,-2.5,"k=20,H=50,rho=0.5,qb=raw,qb_scale=600,qb_alpha=0.02,epa_scale=50,epa_alpha=0.25",-48.19159367138691,Matthew Stafford,Bo Nix,0.5303704724241846,-6.204434986074054
2026,3,PHI,CHI,0.48631522568396485,-4.5,"k=20,H=50,rho=0.5,qb=raw,qb_scale=600,qb_alpha=0.02,epa_scale=50,epa_alpha=0.25",-72.8945097389492,Jalen Hurts,Caleb Williams,0.4885271931843469,-0.7955516920110789
